grid_score,orientation_deg,null_mean,null_p95,excess,z_vs_null,angular_entropy,ink_fraction,zone_id,zone_prior,row,col,patch_id,valid
0.3580384357216603,4,0.27337753737171755,0.3492006732817609,0.08466089834994273,2.3619831171813006,0.8927910574381996,0.086669921875,Zone_DH168,grid-leaning,0,0,Zone_DH168_r0c0,True
0.16248819174008586,41,0.2969156822814037,0.36972268662838326,-0.13442749054131783,-3.3520604910199765,0.8556209260031065,0.06866455078125,Zone_DH168,grid-leaning,0,1,Zone_DH168_r0c1,True
0.3826655771409819,80,0.2757608029406462,0.30732070493962454,0.10690477420033573,5.565801905524671,0.9275514543915855,0.0499267578125,Zone_DH168,grid-leaning,0,2,Zone_DH168_r0c2,True
0.22865091978408456,31,0.3037166001572915,0.5034243723983289,-0.07506568037320696,-0.646597815728449,0.6635236390148608,0.07110595703125,Zone_DH168,grid-leaning,0,3,Zone_DH168_r0c3,True
0.35240843278054323,28,0.30300967937380974,0.37209170877134046,0.0493987534067335,1.2336246646503373,0.8180996759653996,0.06817626953125,Zone_DH168,grid-leaning,0,4,Zone_DH168_r0c4,True
0.43629756237661904,80,0.26940928211077564,0.3026913670712945,0.1668882802658434,9.703275879880831,0.9404141725694649,0.06439208984375,Zone_DH168,grid-leaning,1,0,Zone_DH168_r1c0,True
0.37915039262906336,80,0.2781744903028496,0.32055007799906143,0.10097590232621378,4.274224518790464,0.923626679700314,0.0657958984375,Zone_DH168,grid-leaning,1,1,Zone_DH168_r1c1,True
0.207083246217415,1,0.2631170485406336,0.3338490993261518,-0.05603380232321861,-1.5511968274593244,0.8134833270358838,0.05340576171875,Zone_DH168,grid-leaning,1,2,Zone_DH168_r1c2,True
0.19997230471504548,78,0.2840735966113689,0.3392200824052505,-0.0841012918963234,-2.646505145929254,0.9008241334784616,0.05364990234375,Zone_DH168,grid-leaning,1,3,Zone_DH168_r1c3,True
0.44859180714170915,11,0.2792988912016619,0.36253910291435065,0.16929291594004725,4.101790906176252,0.8690249618366507,0.04638671875,Zone_DH168,grid-leaning,1,4,Zone_DH168_r1c4,True
0.4414485401416503,20,0.28117883855808956,0.3403806209372941,0.16026970158356074,4.927377920454827,0.8921854788893423,0.07342529296875,Zone_DH168,grid-leaning,2,0,Zone_DH168_r2c0,True
0.20922796734231366,46,0.29522422622042543,0.37290232401985685,-0.08599625887811177,-2.0289064121962026,0.8509604315832259,0.03057861328125,Zone_DH168,grid-leaning,2,1,Zone_DH168_r2c1,True
0.29176934602950183,1,0.3039144213542358,0.37297889795272965,-0.012145075324733967,-0.2918253276937259,0.8375742785051301,0.03741455078125,Zone_DH168,grid-leaning,2,2,Zone_DH168_r2c2,True
0.5672849561300362,10,0.2886354498359445,0.35392477547646867,0.27864950629409163,7.3639599184118545,0.8692564707072603,0.0394287109375,Zone_DH168,grid-leaning,2,3,Zone_DH168_r2c3,True
0.19624309864913486,10,0.3292672758505835,0.5038167449526819,-0.13302417720144866,-1.3245689314841589,0.7065731661902565,0.0225830078125,Zone_DH168,grid-leaning,2,4,Zone_DH168_r2c4,True
0.46093360444615716,72,0.2818975397272622,0.334381254460083,0.17903606471889494,6.0853955558969055,0.9011158549891832,0.07366943359375,Zone_DH168,grid-leaning,3,0,Zone_DH168_r3c0,True
0.39776353295909334,10,0.3108365158553292,0.3926444583964295,0.08692701710376416,1.7541416500573213,0.827494695433946,0.08587646484375,Zone_DH168,grid-leaning,3,1,Zone_DH168_r3c1,True
0.4745053351436902,16,0.2806726048257104,0.3307970460310449,0.19383273031797982,7.706579279618558,0.9140555238282927,0.07916259765625,Zone_DH168,grid-leaning,3,2,Zone_DH168_r3c2,True
0.3396140927521271,87,0.2883426685891678,0.34848318651795335,0.05127142416295932,1.4706063102725915,0.8589961765690894,0.031005859375,Zone_DH168,grid-leaning,3,3,Zone_DH168_r3c3,True
0.32046371545271196,33,0.2893361269671038,0.3487086111531731,0.03112758848560815,0.8946220041444626,0.885990285797317,0.05462646484375,Zone_DH168,grid-leaning,3,4,Zone_DH168_r3c4,True
0.23157778660753198,1,0.2883971471185191,0.43882949740498667,-0.05681936051098713,-0.6876391839347328,0.7858796954706005,0.0784912109375,Zone_DH168,grid-leaning,4,0,Zone_DH168_r4c0,True
0.3660360381393868,10,0.3027415526212242,0.38489302348372323,0.06329448551816258,1.367655833809959,0.8314504439799225,0.083740234375,Zone_DH168,grid-leaning,4,1,Zone_DH168_r4c1,True
0.5950943170079449,28,0.29389911078305725,0.3643702258325715,0.30119520622488766,7.975359270758545,0.8604426891544535,0.0848388671875,Zone_DH168,grid-leaning,4,2,Zone_DH168_r4c2,True
0.32558914421577334,73,0.27437112426283006,0.3124223558215694,0.05121801995294328,2.285927893085648,0.916359188921501,0.08642578125,Zone_DH168,grid-leaning,4,3,Zone_DH168_r4c3,True
0.3288084463522733,80,0.2835761328031956,0.33995889144579583,0.045232313549077696,1.5662642620408171,0.897037352201018,0.067138671875,Zone_DH168,grid-leaning,4,4,Zone_DH168_r4c4,True
0.2359556559730845,65,0.2823651825867669,0.3275703190188762,-0.04640952661368242,-1.6469133293440696,0.9084654734322417,0.0618896484375,Zone_DH167,grid-leaning,0,0,Zone_DH167_r0c0,True
0.632278955808927,6,0.2983305136585796,0.37326870455008615,0.3339484421503474,7.591254460550403,0.8416668966035346,0.0802001953125,Zone_DH167,grid-leaning,0,1,Zone_DH167_r0c1,True
0.25434408608804127,31,0.274456676555542,0.31840385362200163,-0.020112590467500746,-0.8889266316042482,0.9282134736850219,0.08636474609375,Zone_DH167,grid-leaning,0,2,Zone_DH167_r0c2,True
0.3072258918365258,88,0.305532625958983,0.3813330128831438,0.0016932658775428155,0.034794956683494305,0.8056476153537432,0.10052490234375,Zone_DH167,grid-leaning,0,3,Zone_DH167_r0c3,True
0.4450401650383407,5,0.28878521778812266,0.33808626467047587,0.15625494725021805,5.400423427744593,0.8861867920922796,0.06231689453125,Zone_DH167,grid-leaning,0,4,Zone_DH167_r0c4,True
0.5573082147602517,80,0.2819462268113709,0.31912325081685217,0.27536198794888084,12.023913945949882,0.9127003014695391,0.074951171875,Zone_DH167,grid-leaning,1,0,Zone_DH167_r1c0,True
0.3910906525080114,5,0.28142444623663304,0.3332207533832644,0.10966620627137835,3.935965363075374,0.9080708378768957,0.0615234375,Zone_DH167,grid-leaning,1,1,Zone_DH167_r1c1,True
0.5479073724296313,1,0.2892785578974452,0.38048797246301863,0.25862881453218606,5.296753812706282,0.8467020718017056,0.10247802734375,Zone_DH167,grid-leaning,1,2,Zone_DH167_r1c2,True
0.1654381110182919,39,0.3135040145616649,0.41801397630652026,-0.14806590354337298,-2.6706892462204115,0.7647338415348411,0.08697509765625,Zone_DH167,grid-leaning,1,3,Zone_DH167_r1c3,True
0.40747199231039827,87,0.2967452278125338,0.3603439751652101,0.11072676449786445,2.980032233453472,0.8543310893384882,0.05377197265625,Zone_DH167,grid-leaning,1,4,Zone_DH167_r1c4,True
0.25121028562489733,42,0.30684862165758303,0.39896183672707075,-0.0556383360326857,-1.0293662861276558,0.8184417518807049,0.06866455078125,Zone_DH167,grid-leaning,2,0,Zone_DH167_r2c0,True
0.20749625571316727,44,0.2745717236412401,0.353583964672052,-0.06707546792807284,-1.6414905239464475,0.8863224160234682,0.0682373046875,Zone_DH167,grid-leaning,2,1,Zone_DH167_r2c1,True
0.3800125898384483,20,0.2720007728840249,0.31200858207652193,0.10801181695442341,5.216002133927278,0.93527014276253,0.06121826171875,Zone_DH167,grid-leaning,2,2,Zone_DH167_r2c2,True
0.764441004564539,87,0.3032630033899196,0.40077763151274065,0.4611780011746194,8.664423723507948,0.8008375282242937,0.09197998046875,Zone_DH167,grid-leaning,2,3,Zone_DH167_r2c3,True
0.35333274311845947,1,0.2775613197928021,0.39891995568370986,0.0757714233256574,1.2436712211900085,0.7208351459170458,0.052490234375,Zone_DH167,grid-leaning,2,4,Zone_DH167_r2c4,True
0.5259549871151561,35,0.3000166238259216,0.375661902333376,0.2259383632892345,5.444938595656445,0.8362986603853927,0.0670166015625,Zone_DH167,grid-leaning,3,0,Zone_DH167_r3c0,True
0.4085915905007122,89,0.27232491645485707,0.3076361709422708,0.13626667404585513,7.07134769457525,0.9330086455063292,0.06573486328125,Zone_DH167,grid-leaning,3,1,Zone_DH167_r3c1,True
0.784374226524772,88,0.31080015539138744,0.4169906489564737,0.4735740711333845,8.35108423839818,0.771514107102128,0.03607177734375,Zone_DH167,grid-leaning,3,2,Zone_DH167_r3c2,True
0.2953172929327115,87,0.32910915907093063,0.4553942301438436,-0.03379186613821916,-0.40800702876671724,0.7352889398383126,0.04278564453125,Zone_DH167,grid-leaning,3,3,Zone_DH167_r3c3,True
0.577772601863175,84,0.2897498025617119,0.3533005766049164,0.28802279930146313,8.213550658283223,0.8808899274781086,0.0552978515625,Zone_DH167,grid-leaning,3,4,Zone_DH167_r3c4,True
0.40000791268358604,26,0.27569844821782263,0.31433798217422115,0.12430946446576341,6.064714444984597,0.934064470420181,0.06060791015625,Zone_DH167,grid-leaning,4,0,Zone_DH167_r4c0,True
0.5788867334583169,49,0.2945297559951568,0.3781439020569911,0.2843569774631601,6.20028578069379,0.8299512790867994,0.067626953125,Zone_DH167,grid-leaning,4,1,Zone_DH167_r4c1,True
0.32482663036497333,75,0.3072474128998253,0.39713102938739714,0.01757921746514801,0.30096146308577804,0.8041811936746063,0.0548095703125,Zone_DH167,grid-leaning,4,2,Zone_DH167_r4c2,True
0.45303899784623597,1,0.3253160861341162,0.4574693440472018,0.12772291171211975,1.6018770151366293,0.7212054930737195,0.0308837890625,Zone_DH167,grid-leaning,4,3,Zone_DH167_r4c3,True
0.49816295113647785,80,0.2893348101578406,0.346555003620617,0.20882814097863722,6.49847668846397,0.879188023557875,0.031005859375,Zone_DH167,grid-leaning,4,4,Zone_DH167_r4c4,True
0.14588222180444713,0,0.3188206161150068,0.45680318841135875,-0.17293839431055966,-2.1626022811704493,0.7356719736971803,0.05242919921875,Zone_DH130,organic-leaning,0,0,Zone_DH130_r0c0,True
0.40740494443769865,88,0.30725655138017716,0.39961239185636716,0.10014839305752149,1.8327708936768219,0.7818949828377102,0.05694580078125,Zone_DH130,organic-leaning,0,1,Zone_DH130_r0c1,True
0.4127147244850322,78,0.28378113210952227,0.34708195663584235,0.12893359237550994,3.7642201145387713,0.8821981300286491,0.06158447265625,Zone_DH130,organic-leaning,0,2,Zone_DH130_r0c2,True
0.40469201708025304,0,0.30774976419923,0.3961514465567852,0.09694225288102304,2.353031493922073,0.8136493569101217,0.04730224609375,Zone_DH130,organic-leaning,0,3,Zone_DH130_r0c3,True
0.4142630420245106,73,0.2750605495897123,0.32663092052071546,0.13920249243479826,4.631595206296631,0.9185169444810728,0.05657958984375,Zone_DH130,organic-leaning,0,4,Zone_DH130_r0c4,True
0.2530234262503358,10,0.27564342003101566,0.3079820222290093,-0.02261999378067986,-1.1007955173657222,0.9275209586977463,0.04779052734375,Zone_DH130,organic-leaning,1,0,Zone_DH130_r1c0,True
0.6096654765353965,85,0.2933627901874978,0.39099867962454793,0.3163026863478987,5.7835215748861115,0.8024401131506445,0.0531005859375,Zone_DH130,organic-leaning,1,1,Zone_DH130_r1c1,True
0.3713751007612888,2,0.28045813710546896,0.3332108701400827,0.09091696365581986,2.978581860149846,0.8885051136238682,0.041748046875,Zone_DH130,organic-leaning,1,2,Zone_DH130_r1c2,True
0.11926307239209127,89,0.3125832634279981,0.45956099044622684,-0.1933201910359068,-2.1724425954639917,0.7616093621259021,0.0494384765625,Zone_DH130,organic-leaning,1,3,Zone_DH130_r1c3,True
0.08309298803281799,36,0.304362616567335,0.5168197876828401,-0.22126962853451698,-1.9545140538367223,0.6470341531316453,0.0426025390625,Zone_DH130,organic-leaning,1,4,Zone_DH130_r1c4,True
0.3440351861780133,20,0.2703430016455409,0.32586805552803966,0.0736921845324724,2.720835362980351,0.9159074175946683,0.0499267578125,Zone_DH130,organic-leaning,2,0,Zone_DH130_r2c0,True
0.5808534526880491,8,0.28463481522509054,0.3527196245690164,0.29621863746295857,8.003559809989794,0.8663280944171571,0.0599365234375,Zone_DH130,organic-leaning,2,1,Zone_DH130_r2c1,True
0.28747465378055564,80,0.28572509798537804,0.3489987343223937,0.0017495557951776042,0.04661174947614029,0.8738385730399193,0.05328369140625,Zone_DH130,organic-leaning,2,2,Zone_DH130_r2c2,True
0.34819443384213916,13,0.27321533841624585,0.3189245583700464,0.07497909542589332,2.5692127531813043,0.9071654006557338,0.05963134765625,Zone_DH130,organic-leaning,2,3,Zone_DH130_r2c3,True
0.277363689998787,20,0.2706210431773207,0.30926158272334686,0.006742646821466303,0.3335892318367127,0.9312642373088271,0.0548095703125,Zone_DH130,organic-leaning,2,4,Zone_DH130_r2c4,True
0.3295148742321022,10,0.2969285585196234,0.38438117607921024,0.032586315712478775,0.673273380685323,0.8084524815782849,0.07177734375,Zone_DH130,organic-leaning,3,0,Zone_DH130_r3c0,True
0.27565530994129833,26,0.30076232829575633,0.3737607472533207,-0.025107018354458,-0.569708289442355,0.8329094251983575,0.0460205078125,Zone_DH130,organic-leaning,3,1,Zone_DH130_r3c1,True
0.5139370673788316,24,0.28834446713503786,0.34269652297760905,0.22559260024379374,7.149267889115823,0.8897173059363884,0.05035400390625,Zone_DH130,organic-leaning,3,2,Zone_DH130_r3c2,True
0.20431253944154784,2,0.28033971901265997,0.3391487637592585,-0.07602717957111213,-2.4515674251338804,0.8897064209298955,0.0572509765625,Zone_DH130,organic-leaning,3,3,Zone_DH130_r3c3,True
0.2553147422869846,47,0.2544084830180354,0.2747257723080208,0.0009062592689491611,0.08458483685598325,0.9750728499564548,0.0787353515625,Zone_DH130,organic-leaning,3,4,Zone_DH130_r3c4,True
0.3916842504130563,44,0.2660572177307557,0.29539821676907757,0.12562703268230063,7.533100802038188,0.9485371537359831,0.06097412109375,Zone_DH130,organic-leaning,4,0,Zone_DH130_r4c0,True
0.24773056189985587,51,0.2931662995161969,0.356736838575229,-0.04543573761634101,-1.2489060915318804,0.8795564039976096,0.0638427734375,Zone_DH130,organic-leaning,4,1,Zone_DH130_r4c1,True
0.43612757049739337,1,0.29959511388051363,0.4138736799931159,0.13653245661687974,2.2157727195324672,0.7822443906646411,0.03900146484375,Zone_DH130,organic-leaning,4,2,Zone_DH130_r4c2,True
0.1684808723237091,53,0.290002788584556,0.35433665989539637,-0.12152191626084693,-3.7858925994427164,0.865127483822979,0.046142578125,Zone_DH130,organic-leaning,4,3,Zone_DH130_r4c3,True
0.2916425725237469,23,0.27550893413668326,0.31150842951892854,0.016133638387063665,0.7012645399745226,0.9211375716357837,0.05902099609375,Zone_DH130,organic-leaning,4,4,Zone_DH130_r4c4,True
0.20643062534026407,60,0.2942239818153892,0.4782929677262713,-0.08779335647512515,-0.8828071624463177,0.7435487211178289,0.05322265625,Zone_DH116,organic-leaning,0,0,Zone_DH116_r0c0,True
0.23710172117305553,69,0.28386484550564933,0.33101081876874305,-0.0467631243325938,-1.7064828558015057,0.9059794169269667,0.07928466796875,Zone_DH116,organic-leaning,0,1,Zone_DH116_r0c1,True
0.38217964714736696,80,0.26583428881215043,0.29264783244978826,0.11634535833521653,8.04781252470883,0.9531119030272364,0.0660400390625,Zone_DH116,organic-leaning,0,2,Zone_DH116_r0c2,True
0.27169608251754124,80,0.2593910302478375,0.27765415767117324,0.012305052269703742,1.0475041234244566,0.9684613798302034,0.06781005859375,Zone_DH116,organic-leaning,0,3,Zone_DH116_r0c3,True
0.24884177617109687,80,0.27079152469723444,0.32592699965645183,-0.02194974852613757,-0.7755840647858018,0.9249219193212658,0.075927734375,Zone_DH116,organic-leaning,0,4,Zone_DH116_r0c4,True
0.6008071443051852,84,0.2902633505177268,0.3537465762273225,0.31054379378745844,8.668309688234942,0.8717031889256474,0.0615234375,Zone_DH116,organic-leaning,1,0,Zone_DH116_r1c0,True
0.18007449855692528,84,0.2942164232537571,0.35549122549519335,-0.11414192469683179,-2.829495331338383,0.8615124739072776,0.07208251953125,Zone_DH116,organic-leaning,1,1,Zone_DH116_r1c1,True
0.4715389144595836,73,0.2763433759608687,0.31117399563624504,0.1951955384987149,9.380356867842865,0.9284222331876569,0.08453369140625,Zone_DH116,organic-leaning,1,2,Zone_DH116_r1c2,True
0.2733803213394937,77,0.2666388556390492,0.2999336393274978,0.006741465700444482,0.3631511652124622,0.9547483254355916,0.06280517578125,Zone_DH116,organic-leaning,1,3,Zone_DH116_r1c3,True
0.2866546580068023,75,0.30313545886516574,0.39022042453605543,-0.016480800858363454,-0.3445373072161914,0.8462631278970416,0.0738525390625,Zone_DH116,organic-leaning,1,4,Zone_DH116_r1c4,True
0.5379903571649449,81,0.2795442132108711,0.3208914715883511,0.25844614395407384,10.468568320169016,0.9130122717292313,0.07415771484375,Zone_DH116,organic-leaning,2,0,Zone_DH116_r2c0,True
0.2801851059862992,81,0.26414587006935025,0.28886905077839947,0.016039235916948946,1.1081767787021057,0.9581153607735121,0.0748291015625,Zone_DH116,organic-leaning,2,1,Zone_DH116_r2c1,True
0.24731189329196585,87,0.2771003161697868,0.3417176753923942,-0.029788422877820964,-0.8424627222248171,0.9081638101011695,0.08441162109375,Zone_DH116,organic-leaning,2,2,Zone_DH116_r2c2,True
0.33826517597897554,10,0.27904435031698377,0.3259602808955765,0.05922082566199177,2.250056930308152,0.9103919424620711,0.06201171875,Zone_DH116,organic-leaning,2,3,Zone_DH116_r2c3,True
0.4422240028102503,1,0.2974589337701881,0.35798520792792693,0.1447650690400622,4.092146025007175,0.8492671866555871,0.0753173828125,Zone_DH116,organic-leaning,2,4,Zone_DH116_r2c4,True
0.22661755261895455,44,0.27199679096862917,0.30687216102300513,-0.04537923834967461,-2.1538997660640695,0.9428321370502256,0.0814208984375,Zone_DH116,organic-leaning,3,0,Zone_DH116_r3c0,True
0.45967075031526905,88,0.26578447072796996,0.30039202711089663,0.1938862795872991,10.502114514359965,0.9529860485272145,0.0809326171875,Zone_DH116,organic-leaning,3,1,Zone_DH116_r3c1,True
0.2883606755826605,88,0.26345225104012554,0.29392455235037246,0.024908424542534946,1.5207180567456189,0.9552524772726902,0.0924072265625,Zone_DH116,organic-leaning,3,2,Zone_DH116_r3c2,True
0.3468669885513592,80,0.28457440643015,0.335761613893323,0.06229258212120925,1.980548432688221,0.9048132685037101,0.06903076171875,Zone_DH116,organic-leaning,3,3,Zone_DH116_r3c3,True
0.48264033099714887,80,0.2752885305840854,0.31166568040377435,0.20735180041306345,9.549714216776511,0.9162133083717182,0.0682373046875,Zone_DH116,organic-leaning,3,4,Zone_DH116_r3c4,True
0.2534870750164085,55,0.27737239644518696,0.3283623957883178,-0.023885321428778472,-0.881799263508188,0.9134234743026648,0.053955078125,Zone_DH116,organic-leaning,4,0,Zone_DH116_r4c0,True
0.4201070805192438,84,0.2796894594669257,0.330716955862985,0.1404176210523181,4.44752513013525,0.9011309598165,0.08599853515625,Zone_DH116,organic-leaning,4,1,Zone_DH116_r4c1,True
0.31753559687336963,80,0.2706050594579502,0.30234243727515386,0.046930537415419415,2.7714047656541716,0.9405892781263097,0.07391357421875,Zone_DH116,organic-leaning,4,2,Zone_DH116_r4c2,True
0.512692313338528,88,0.27599345006372117,0.324310803509542,0.23669886327480688,9.73675138272814,0.9238502672453925,0.06829833984375,Zone_DH116,organic-leaning,4,3,Zone_DH116_r4c3,True
0.6229596829949349,0,0.2854215555738844,0.3393649277431932,0.3375381274210505,10.454955638679921,0.8765957073929478,0.07232666015625,Zone_DH116,organic-leaning,4,4,Zone_DH116_r4c4,True
