zone_id,node_id,lon,lat,bc,tier,degree,is_master,is_art_pt
Zone_DH715,4923592720,90.4380295,23.7952694,0.01868596,4,2,0,0
Zone_DH715,4923592723,90.4381395,23.794908,0.02485433,4,2,0,0
Zone_DH715,4923592724,90.43844,23.7936291,0.10811734,3,3,0,1
Zone_DH715,4923592728,90.4382884,23.7945463,0.03114326,4,3,0,0
Zone_DH715,4923592730,90.4378485,23.7954581,0.01249749,4,3,0,0
Zone_DH715,4923592732,90.4369647,23.7956645,0.00024111,4,3,0,0
Zone_DH715,4923592739,90.4378144,23.7944877,0.00642958,4,3,0,0
Zone_DH715,4923592741,90.4368863,23.7946239,0.00630902,4,2,0,0
Zone_DH715,4923592742,90.4365664,23.7955862,0.00020092,4,2,0,0
Zone_DH715,4954642497,90.4385921,23.778789,0.0,4,1,0,0
Zone_DH715,10240047177,90.4534037,23.7742054,0.01044806,4,3,0,0
Zone_DH715,4923592780,90.4347474,23.7931458,0.00532449,4,2,0,0
Zone_DH715,4923592781,90.4361891,23.7927888,0.06220615,4,3,0,1
Zone_DH715,4923592784,90.4358424,23.792374,0.07355837,4,3,0,0
Zone_DH715,4923592785,90.434574,23.7923026,0.01585292,4,3,0,1
Zone_DH715,4920230068,90.4454331,23.7900314,0.0,4,1,0,0
Zone_DH715,4920230069,90.4453135,23.7903076,0.01854531,4,3,0,1
Zone_DH715,4952113347,90.4347861,23.7774157,0.0,4,1,0,0
Zone_DH715,4952113348,90.4343598,23.7771795,0.05346594,4,3,0,1
Zone_DH715,9168318661,90.4477761,23.7862635,0.02513562,4,3,0,1
Zone_DH715,4920230154,90.4457536,23.7897307,0.0,4,1,0,0
Zone_DH715,4920230157,90.4450925,23.7895197,0.01271851,4,3,0,1
Zone_DH715,10975566123,90.4365885,23.7940036,0.0,4,1,0,0
Zone_DH715,10975566126,90.435914,23.7941673,0.01263814,4,3,0,1
Zone_DH715,9934145875,90.4565095,23.7942555,0.0,4,1,0,0
Zone_DH715,9934145876,90.4583303,23.7897035,0.00896122,4,2,0,0
Zone_DH715,9934145879,90.4571488,23.7905721,0.05107494,4,3,0,0
Zone_DH715,9934145883,90.4565911,23.7897332,0.35810729,3,4,0,0
Zone_DH715,9934145886,90.4583181,23.7885565,0.03029938,4,3,0,0
Zone_DH715,4920230243,90.4472734,23.7884323,0.0,4,1,0,0
Zone_DH715,4920230248,90.4460983,23.7883919,0.49212377,2,3,0,1
Zone_DH715,7825621357,90.4536029,23.7747208,0.0137834,4,3,0,0
Zone_DH715,7825621358,90.4541791,23.7746813,0.00110508,4,2,0,0
Zone_DH715,7825621359,90.4543193,23.7763389,0.01261804,4,2,0,1
Zone_DH715,7825621361,90.4567704,23.7761549,0.0,4,1,0,0
Zone_DH715,9934168540,90.4574822,23.7885771,0.03033956,4,3,0,0
Zone_DH715,9934168541,90.4583003,23.7868649,0.35981515,3,2,0,1
Zone_DH715,9934168542,90.4583076,23.7875585,0.36449668,3,4,0,1
Zone_DH715,12406553078,90.4582748,23.783408,0.33152502,3,2,0,1
Zone_DH715,3653698039,90.4341051,23.7775126,0.03640747,4,2,0,0
Zone_DH715,3653698040,90.4345355,23.7769248,0.08008841,3,2,0,0
Zone_DH715,12406553080,90.458281,23.78294,0.32780792,3,2,0,1
Zone_DH715,3653698044,90.4366137,23.775863,0.23670886,3,3,0,1
Zone_DH715,12215695922,90.4538831,23.7772468,0.32025316,3,3,0,1
Zone_DH715,11035216464,90.4371275,23.7782329,0.06608399,4,3,0,1
Zone_DH715,3711607481,90.4348881,23.7942354,0.0,4,2,0,0
Zone_DH715,3711607482,90.4352564,23.7942906,0.03747237,4,3,0,1
Zone_DH715,3711607483,90.4356653,23.7935608,0.04345992,4,3,0,1
Zone_DH715,4923755209,90.4358609,23.7925406,0.06777175,4,3,0,0
Zone_DH715,4923755215,90.4359978,23.7930601,0.05023106,4,3,0,0
Zone_DH715,4920214224,90.4476549,23.7872249,0.03747237,4,3,0,1
Zone_DH715,4920214230,90.4469579,23.7868567,0.0,4,1,0,0
Zone_DH715,4920214232,90.447422,23.7864885,0.01263814,4,3,0,1
Zone_DH715,4920214234,90.4468399,23.7864002,0.0,4,1,0,0
Zone_DH715,4920214244,90.4537895,23.7876249,0.0,4,1,0,0
Zone_DH715,4920265454,90.4437983,23.7883146,0.0,4,1,0,0
Zone_DH715,4920265456,90.4430017,23.7883683,0.01703838,4,3,0,1
Zone_DH715,4920265457,90.4420293,23.7875599,0.0,4,1,0,0
Zone_DH715,4920265458,90.4418985,23.7881047,0.44777979,3,3,0,1
Zone_DH715,4920265459,90.4412516,23.7875071,0.0,4,1,0,0
Zone_DH715,9934201588,90.4583253,23.7892298,0.00628893,4,2,0,0
Zone_DH715,4920265461,90.4412625,23.7881814,0.44540888,3,3,0,1
Zone_DH715,4920265462,90.4403564,23.7875574,0.0,4,1,0,0
Zone_DH715,4920214263,90.4461694,23.7867242,0.0,4,1,0,0
Zone_DH715,4920265466,90.4403049,23.7884784,0.28342375,3,3,0,1
Zone_DH715,4920265467,90.4398045,23.7879023,0.0,4,1,0,0
Zone_DH715,4920214268,90.4460308,23.7881172,0.50166767,2,3,0,1
Zone_DH715,4920214269,90.4477519,23.7905726,0.0,4,1,0,0
Zone_DH715,4920265470,90.4397026,23.7887618,0.28065099,3,3,0,1
Zone_DH715,4920265471,90.439952,23.7909947,0.0,4,1,0,0
Zone_DH715,11332344577,90.4349159,23.7889228,0.0981515,3,3,0,0
Zone_DH715,11332344578,90.4350296,23.7885701,0.0116737,4,3,0,1
Zone_DH715,4920214275,90.444214,23.7898903,0.0,4,1,0,0
Zone_DH715,4920214276,90.444493,23.7899713,0.01251758,4,3,0,1
Zone_DH715,9934201605,90.4572074,23.7902214,0.04781997,4,2,0,0
Zone_DH715,4920214278,90.4459226,23.791061,0.0,4,1,0,0
Zone_DH715,4920265476,90.439496,23.790926,0.16415511,3,3,0,1
Zone_DH715,11332344579,90.4350101,23.7882674,0.0026522,4,3,0,0
Zone_DH715,4920214281,90.4454686,23.7905593,0.01263814,4,3,0,1
Zone_DH715,4920214282,90.445338,23.7910855,0.0,4,1,0,0
Zone_DH715,4920265483,90.4396494,23.7896732,0.16517983,3,3,0,0
Zone_DH715,4920265484,90.4406257,23.7900507,0.01498895,4,3,0,0
Zone_DH715,4920214285,90.4455551,23.7903958,0.04309825,4,3,0,1
Zone_DH715,9934201612,90.4583214,23.788866,0.00361664,4,2,0,0
Zone_DH715,4920214287,90.4465327,23.7900491,0.52125779,1,4,0,1
Zone_DH715,4920214288,90.4464081,23.791299,0.0,4,1,0,0
Zone_DH715,4920265489,90.4398868,23.7896994,0.16644565,3,3,0,0
Zone_DH715,4920265490,90.4392872,23.7896301,0.00512357,4,3,0,0
Zone_DH715,4920265491,90.4399091,23.7891614,0.15961423,3,3,0,0
Zone_DH715,4920214292,90.4470084,23.7915768,0.50108499,2,3,0,1
Zone_DH715,4920214293,90.4469445,23.7934072,0.0,4,1,0,0
Zone_DH715,4920214294,90.4451957,23.7951743,0.0,4,1,0,0
Zone_DH715,4920265492,90.439885,23.789743,0.02435202,4,3,0,0
Zone_DH715,4920265493,90.4405898,23.7897906,0.03321278,4,3,0,0
Zone_DH715,4920265494,90.4393848,23.789138,0.02654209,4,3,0,0
Zone_DH715,4920265498,90.4405902,23.7891984,0.17146876,3,3,0,0
Zone_DH715,4920265499,90.4417169,23.78856,0.0,4,1,0,0
Zone_DH715,9756770258,90.4503956,23.7758228,0.0,4,3,0,0
Zone_DH715,4920214301,90.4473603,23.7935471,0.01263814,4,3,0,1
Zone_DH715,4920265501,90.4406209,23.7889877,0.1652602,3,3,0,0
Zone_DH715,4920214305,90.4482454,23.7942539,0.0,4,1,0,0
Zone_DH715,4920214306,90.4477757,23.7944369,0.00640948,4,3,0,1
Zone_DH715,4920265506,90.4417625,23.7889993,0.01135222,4,3,0,1
Zone_DH715,4920214308,90.4479933,23.7941435,0.01348202,4,3,0,1
Zone_DH715,4920214309,90.4475158,23.7945092,0.0,4,1,0,0
Zone_DH715,4920265510,90.4428665,23.7880604,0.50444043,1,3,0,1
Zone_DH715,9168298790,90.4372229,23.7792743,0.03747237,4,3,0,1
Zone_DH715,4920265509,90.4421915,23.7891173,0.04153104,4,3,0,0
Zone_DH715,9168298791,90.4374,23.779813,0.02513562,4,3,0,1
Zone_DH715,4920265514,90.4431808,23.7895229,0.01012658,4,3,0,1
Zone_DH715,4920214316,90.4487029,23.7948404,0.0116737,4,3,0,1
Zone_DH715,4920214317,90.4486809,23.795066,0.0,4,1,0,0
Zone_DH715,4920265516,90.4422697,23.7891051,0.04169178,4,3,0,0
Zone_DH715,4920214319,90.4488125,23.7942593,0.49515773,2,3,0,1
Zone_DH715,4920214320,90.4498988,23.794578,0.48693992,2,2,0,1
Zone_DH715,4920265517,90.4433799,23.7904143,0.0,4,1,0,0
Zone_DH715,4950829874,90.4346171,23.7783827,0.0,4,1,0,0
Zone_DH715,4920265522,90.4422087,23.7881042,0.48786418,2,3,0,0
Zone_DH715,4950829872,90.4344119,23.7783484,0.0,4,1,0,0
Zone_DH715,4950829873,90.4346165,23.7783508,0.01263814,4,3,0,1
Zone_DH715,4920265525,90.4421737,23.7894324,0.03371509,4,3,0,0
Zone_DH715,4950829879,90.4347578,23.7778602,0.03261001,4,3,0,1
Zone_DH715,4920265527,90.4413869,23.7904085,0.0188266,4,3,0,1
Zone_DH715,4920265529,90.4413827,23.7905372,0.01637533,4,3,0,1
Zone_DH715,4920265530,90.4422134,23.7896879,0.03166566,4,3,0,0
Zone_DH715,4920265528,90.441395,23.7901602,0.0,4,1,0,0
Zone_DH715,9168298804,90.4401237,23.7796153,0.0,4,1,0,0
Zone_DH715,4920265533,90.4408306,23.7883275,0.4411091,3,3,0,0
Zone_DH715,4920265536,90.4405864,23.7896424,0.0259996,4,3,0,0
Zone_DH715,4958135109,90.437184,23.7803071,0.0,4,1,0,0
Zone_DH715,4920214343,90.4545926,23.7918179,0.0,4,1,0,0
Zone_DH715,4958135112,90.4384942,23.7804728,0.0,4,1,0,0
Zone_DH715,4920214345,90.4550353,23.7918157,0.00632911,4,3,0,1
Zone_DH715,4920214346,90.4550263,23.7942793,0.00488246,4,3,0,0
Zone_DH715,4920265547,90.4416579,23.7917482,0.0,4,1,0,0
Zone_DH715,4920265548,90.4421407,23.7904376,0.02119751,4,3,0,1
Zone_DH715,4920214347,90.4542006,23.7942982,0.00632911,4,3,0,0
Zone_DH715,4920214348,90.4549978,23.7937464,0.45945349,2,4,0,0
Zone_DH715,4920214349,90.455031,23.7948432,0.00803697,4,3,0,0
Zone_DH715,4920265552,90.442138,23.7917825,0.0,4,1,0,0
Zone_DH715,4920265553,90.4410276,23.7925139,0.0,4,1,0,0
Zone_DH715,4920214352,90.4556581,23.7949907,0.0,4,2,0,0
Zone_DH715,4920214350,90.4541915,23.7946011,0.01950974,4,3,0,0
Zone_DH715,4920214353,90.4535528,23.7944169,0.47836046,2,3,0,1
Zone_DH715,4920214355,90.4568537,23.7921979,0.01056862,4,2,0,0
Zone_DH715,4920214357,90.4567869,23.7925599,0.01255777,4,2,0,0
Zone_DH715,4920214359,90.4567207,23.7929188,0.01450673,4,2,0,0
Zone_DH715,4920265560,90.4393968,23.7924869,0.01263814,4,3,0,1
Zone_DH715,4920214361,90.4566491,23.7933071,0.01641551,4,2,0,0
Zone_DH715,4920214362,90.4569236,23.7918066,0.05818766,4,3,0,0
Zone_DH715,4920265563,90.4402471,23.7920844,0.0,4,1,0,0
Zone_DH715,4920214364,90.4562367,23.7918199,0.40464135,3,4,0,0
Zone_DH715,4920214365,90.4565637,23.7937697,0.02264416,4,3,0,1
Zone_DH715,4920214367,90.4541892,23.7937287,0.45370705,3,3,0,0
Zone_DH715,4920214371,90.4530502,23.7953606,0.47970665,2,2,0,1
Zone_DH715,4920214373,90.4564583,23.7905689,0.35328511,3,3,0,0
Zone_DH715,4920214374,90.4558642,23.7937664,0.4305003,3,4,0,0
Zone_DH715,12633391977,90.4497816,23.7956653,0.01890697,4,3,0,1
Zone_DH715,12633391978,90.4496563,23.79627,0.00632911,4,2,0,1
Zone_DH715,12633391985,90.4500019,23.7945943,0.49596142,2,3,0,1
Zone_DH715,9205226413,90.434302,23.7772685,0.04197308,4,2,0,0
Zone_DH715,4910543844,90.4361282,23.7761636,0.22963633,3,3,0,1
Zone_DH715,4910543847,90.435632,23.7764242,0.09164155,3,3,0,1
Zone_DH715,4910543853,90.436376,23.7767266,0.0,4,1,0,0
Zone_DH715,8636195834,90.4508426,23.796532,0.0,4,1,0,0
Zone_DH715,4910543878,90.4356639,23.7789099,0.0,4,1,0,0
Zone_DH715,1812645061,90.4347031,23.7889083,0.08288125,3,3,0,0
Zone_DH715,1812645072,90.4333458,23.7889189,0.00632911,4,2,0,1
Zone_DH715,1812645076,90.4371058,23.7893601,0.15963432,3,3,0,1
Zone_DH715,4923968730,90.4372965,23.7915342,0.14836247,3,4,0,0
Zone_DH715,4923968732,90.4401933,23.7916313,0.0,4,1,0,0
Zone_DH715,4923968738,90.439453,23.7915785,0.00632911,4,3,0,1
Zone_DH715,4923968742,90.438478,23.7915075,0.15818766,3,4,0,0
Zone_DH715,4958135526,90.4374605,23.7802101,0.01263814,4,3,0,1
Zone_DH715,4923968746,90.4343307,23.7913424,0.01197509,4,3,0,0
Zone_DH715,4958135530,90.437424,23.7792222,0.0,4,1,0,0
Zone_DH715,4923968751,90.4350191,23.791338,0.02607997,4,3,0,0
Zone_DH715,4952112374,90.437239,23.7773692,0.07697408,4,3,0,1
Zone_DH715,4952112379,90.4373147,23.7768172,0.13403657,3,3,0,1
Zone_DH715,4952112380,90.4348978,23.7771501,0.0,4,1,0,0
Zone_DH715,4923968765,90.4335085,23.7911889,0.01022704,4,2,0,0
Zone_DH715,4952112382,90.4348347,23.7772808,0.0,4,1,0,0
Zone_DH715,4923968763,90.4350183,23.7914238,0.01924854,4,3,0,0
Zone_DH715,4952112385,90.4344221,23.7770892,0.06443641,4,3,0,1
Zone_DH715,4952112386,90.4344724,23.7770163,0.07524613,4,3,0,1
Zone_DH715,9756751137,90.4534587,23.7747452,0.26648583,3,3,0,0
Zone_DH715,13048556902,90.4571429,23.7866578,0.0,4,3,0,0
Zone_DH715,9931128167,90.4492793,23.7745285,0.24046614,3,3,0,1
Zone_DH715,9935045992,90.4570788,23.7909601,0.05336548,4,2,0,0
Zone_DH715,7310331241,90.4371257,23.7882976,0.0,4,1,0,0
Zone_DH715,9935045993,90.4570164,23.7913056,0.05563593,4,2,0,0
Zone_DH715,13048507752,90.4569397,23.7878367,0.02806912,4,3,0,0
Zone_DH715,13048507756,90.4572627,23.7876,0.02421137,4,3,0,0
Zone_DH715,9935046000,90.4582796,23.7845796,0.3424352,3,2,0,1
Zone_DH715,9935046002,90.4582857,23.7842187,0.33883866,3,2,0,1
Zone_DH715,13048507763,90.4572685,23.7874864,0.01669681,4,3,0,0
Zone_DH715,9935046004,90.4582715,23.7837838,0.33520193,3,2,0,1
Zone_DH715,9935046006,90.4582625,23.7850908,0.34599156,3,2,0,1
Zone_DH715,9935046008,90.4582866,23.785561,0.34950774,3,2,0,1
Zone_DH715,9935046010,90.4582911,23.7859929,0.35298373,3,2,0,1
Zone_DH715,4912528763,90.4372253,23.774719,0.0,4,1,0,0
Zone_DH715,13048507772,90.45611,23.7918195,0.02489451,4,4,0,0
Zone_DH715,13048507773,90.4557695,23.7937642,0.45461121,2,4,0,0
Zone_DH715,13048507774,90.4555625,23.7949682,0.00646976,4,3,0,0
Zone_DH715,13048507771,90.4564754,23.7897338,0.02260398,4,3,0,0
Zone_DH715,9935046015,90.4583133,23.7881036,0.0270444,4,2,0,0
Zone_DH715,9935046012,90.4582952,23.7863854,0.35641953,3,2,0,1
Zone_DH715,13048507770,90.4568311,23.7878213,0.00831826,4,3,0,0
Zone_DH715,13048507779,90.4559406,23.7876575,0.0,4,1,0,0
Zone_DH715,7310331271,90.4349527,23.7873437,0.0,4,1,0,0
Zone_DH715,13048507783,90.4567175,23.7884321,0.01480812,4,3,0,1
Zone_DH715,13048507789,90.4579167,23.7874883,0.00650995,4,3,0,0
Zone_DH715,13048507794,90.4568297,23.7884495,0.35402853,3,3,0,0
Zone_DH715,13048507796,90.4579143,23.7876017,0.33154511,3,3,0,0
Zone_DH715,13048507798,90.4570304,23.7872396,0.00638939,4,3,0,0
Zone_DH715,13048507800,90.4569139,23.7872275,0.00028129,4,3,0,0
Zone_DH715,4923495879,90.4383709,23.7893642,0.28314246,3,3,0,1
Zone_DH715,8373999066,90.4358411,23.7944305,0.02513562,4,3,0,1
Zone_DH715,8373999067,90.435987,23.793806,0.0,4,1,0,0
Zone_DH715,11332344580,90.4352736,23.7885928,0.0,4,1,0,0
Zone_DH715,11085301272,90.456807,23.7885759,0.35722323,3,3,0,0
Zone_DH715,11085301273,90.4572902,23.7897261,0.04567008,4,4,0,0
Zone_DH715,11653844530,90.4427509,23.789566,0.00558569,4,3,0,0
Zone_DH715,4928368221,90.4383002,23.7962275,0.0,4,2,0,0
Zone_DH715,3640489580,90.4481925,23.7936549,0.49967852,2,3,0,1
Zone_DH715,3640489583,90.4473481,23.7926213,0.50550532,1,3,0,1
Zone_DH715,3640489590,90.4458614,23.7872526,0.52517581,1,4,1,1
Zone_DH715,4924038786,90.4329726,23.7875935,0.0,4,1,0,0
Zone_DH715,4924038801,90.4362687,23.7891603,0.12835041,3,3,0,0
Zone_DH715,4924038803,90.4348057,23.7882952,0.00942335,4,3,0,1
Zone_DH715,4924038805,90.4360807,23.7882015,0.01886679,4,3,0,1
Zone_DH715,4924038807,90.4360443,23.789065,0.1233474,3,3,0,0
Zone_DH715,4924038808,90.4368601,23.7886117,0.0,4,1,0,0
Zone_DH715,4923758233,90.4347166,23.7923106,0.0307816,4,3,0,0
Zone_DH715,4924038811,90.4371935,23.7893715,0.30108499,3,3,0,0
Zone_DH715,4924038812,90.436549,23.7886148,0.01263814,4,3,0,1
Zone_DH715,4924038813,90.4365215,23.789235,0.15059273,3,3,0,1
Zone_DH715,4923758238,90.4357911,23.7933727,0.04968857,4,3,0,1
Zone_DH715,4923758239,90.4336488,23.7921988,0.0,4,1,0,0
Zone_DH715,4923758237,90.4345369,23.7931496,0.01111111,4,2,0,0
Zone_DH715,4924038814,90.4366187,23.7881006,0.0,4,1,0,0
Zone_DH715,13149232799,90.4582884,23.7822128,0.32405063,3,2,0,1
Zone_DH715,4923758243,90.4345532,23.7915464,0.01048825,4,2,0,0
Zone_DH715,4923758249,90.435597,23.7914556,0.05822785,4,4,0,0
Zone_DH715,4923758252,90.4355153,23.7923556,0.03128391,4,3,0,0
Zone_DH715,4923758256,90.4384772,23.7915756,0.13966245,3,4,0,0
Zone_DH715,4923758263,90.4387903,23.7920769,0.11523006,3,3,0,1
Zone_DH715,4923758267,90.4381177,23.7925757,0.12447257,3,3,0,1
Zone_DH715,4923758273,90.4378676,23.7915622,0.05061282,4,3,0,0
Zone_DH715,8373995213,90.4358536,23.7949004,0.0,4,1,0,0
Zone_DH715,4893196008,90.4535377,23.7741916,0.00958409,4,2,0,0
Zone_DH715,4910747379,90.4498592,23.7850645,0.0,4,1,0,0
Zone_DH715,4952057659,90.4379967,23.7763074,0.0,4,1,0,0
Zone_DH715,4952057661,90.4384768,23.7763013,0.0,4,1,0,0
Zone_DH715,4952057667,90.4380785,23.7764019,0.01263814,4,3,0,1
Zone_DH715,4952057675,90.438218,23.7769407,0.0,4,1,0,0
Zone_DH715,4952057676,90.4381656,23.7769198,0.02513562,4,3,0,1
Zone_DH715,9934354255,90.4507881,23.7958968,0.0,4,1,0,0
Zone_DH715,4952057681,90.4379463,23.7772071,0.04980912,4,3,0,1
Zone_DH715,4952057682,90.4392506,23.7781189,0.0,4,1,0,0
Zone_DH715,4345261907,90.436972,23.7792823,0.04964838,4,3,0,1
Zone_DH715,4952057686,90.4383523,23.7777434,0.01263814,4,3,0,1
Zone_DH715,4952057688,90.4382743,23.7778035,0.0,4,1,0,0
Zone_DH715,4345261913,90.4364852,23.7782259,0.05760498,4,3,0,1
Zone_DH715,4924143454,90.4349885,23.7877232,0.0,4,1,0,0
Zone_DH715,4345261919,90.4351096,23.7781361,0.01046815,4,3,0,1
Zone_DH715,4924143456,90.4354227,23.7873631,0.01263814,4,3,0,1
Zone_DH715,4924143458,90.439652,23.7875035,0.0,4,1,0,0
Zone_DH715,4923664250,90.4394294,23.7945428,0.0,4,1,0,0
Zone_DH715,4924039035,90.4335713,23.7881303,0.0,4,1,0,0
Zone_DH715,4923664251,90.4394615,23.7940789,0.0,4,1,0,0
Zone_DH715,4923664255,90.4382688,23.7943359,0.04293751,4,3,0,1
Zone_DH715,4923664256,90.4373878,23.7947884,0.00032148,4,3,0,0
Zone_DH715,4923664258,90.437008,23.7946705,0.01249749,4,3,0,0
Zone_DH715,4954642307,90.4368285,23.7794028,0.0,4,1,0,0
Zone_DH715,4923664260,90.4374532,23.7940874,0.01826401,4,3,0,0
Zone_DH715,4923664262,90.4374586,23.79381,0.0,4,1,0,0
Zone_DH715,4923664264,90.4380931,23.7937806,0.03652803,4,3,0,0
Zone_DH715,4923664269,90.4366894,23.7931233,0.0,4,1,0,0
Zone_DH715,4924069777,90.4330525,23.7897538,0.00632911,4,2,0,1
Zone_DH715,4923664279,90.4384688,23.7935647,0.11932891,3,3,0,1
Zone_DH715,4923664281,90.4383783,23.7938387,0.09702632,3,4,0,1
Zone_DH715,4923664282,90.4400945,23.7934571,0.0,4,1,0,0
Zone_DH715,4924069785,90.4330894,23.7895386,0.01261804,4,2,0,1
Zone_DH715,4924069786,90.4329418,23.7901631,0.0,4,1,0,0
Zone_DH715,4924069789,90.433763,23.7895064,0.05535463,4,3,0,1
Zone_DH715,4924069790,90.433664,23.7898817,0.03727145,4,3,0,0
Zone_DH715,4924069792,90.4332961,23.7904114,0.0,4,2,0,0
Zone_DH715,4924069793,90.4335746,23.7904858,0.03058067,4,3,0,0
Zone_DH715,4923664292,90.439218,23.7908446,0.15766526,3,3,0,0
Zone_DH715,4924069798,90.4362141,23.7909711,0.0,4,1,0,0
Zone_DH715,4923664303,90.439363,23.7889545,0.29505726,3,3,0,0
Zone_DH715,4924069809,90.4352447,23.7899196,0.0,4,1,0,0
Zone_DH715,4923664306,90.4387494,23.7907034,0.155435,3,3,0,0
Zone_DH715,4923664311,90.4372528,23.7903217,0.15923247,3,3,0,0
Zone_DH715,4923664314,90.4372071,23.7909088,0.15485232,3,3,0,1
Zone_DH715,4923664316,90.4373228,23.7914466,0.15525417,3,4,0,0
Zone_DH715,9756770242,90.4542516,23.7755386,0.03532248,4,3,0,1
Zone_DH715,9756770244,90.4542204,23.7751702,0.00522403,4,2,0,0
Zone_DH715,4923664327,90.4345692,23.7913935,0.01725939,4,3,0,0
Zone_DH715,9756770248,90.4542867,23.7759526,0.01886679,4,2,0,1
Zone_DH715,4923664329,90.4343566,23.7912576,0.0164356,4,4,0,0
Zone_DH715,9756770252,90.4553897,23.7762585,0.00632911,4,2,0,1
Zone_DH715,9756770253,90.4536922,23.7755783,0.0514567,4,3,0,0
Zone_DH715,4923664334,90.4335607,23.7907585,0.02740607,4,3,0,0
Zone_DH715,4923664335,90.4347283,23.7913199,0.02099658,4,3,0,0
Zone_DH715,9756770256,90.4524439,23.774825,0.25800683,3,3,0,0
Zone_DH715,4923664337,90.4356502,23.7908576,0.00632911,4,3,0,1
Zone_DH715,4923664338,90.4356047,23.7913665,0.03496082,4,4,0,0
Zone_DH715,4923664339,90.4335155,23.7911095,0.02455294,4,3,0,0
Zone_DH715,11027027921,90.4370512,23.7773686,0.0,4,1,0,0
Zone_DH715,9756770255,90.4497611,23.7744904,0.24412297,3,3,0,0
Zone_DH715,9756770259,90.4503264,23.7749797,0.23847699,3,3,0,0
Zone_DH715,9756770261,90.4524804,23.7753026,0.01072936,4,3,0,0
Zone_DH715,4923664344,90.4337866,23.7894095,0.05453084,4,3,0,0
Zone_DH715,4923664345,90.4338695,23.7889091,0.06947961,4,3,0,1
Zone_DH715,9756770260,90.4503677,23.7754831,0.00542495,4,3,0,0
