zone_id,n,mixture_ratio,median_excess,mean_score,completeness,mean_road_len,dec,residual,wx,wy
Zone_DH007,130,0.1692307692307692,-0.1123846992752308,0.2596112574723107,0.544,1194.712969119862,0,-0.19261624763953897,220203.01846153848,2631712.6761538466
Zone_DH008,156,0.7307692307692307,0.3612465842618794,0.6136849029662945,1.156,1753.0639918800769,1,0.3495608542855927,220241.60820512823,2633814.342820513
Zone_DH009,190,0.3157894736842105,0.0684380191316436,0.4047420053141713,1.7,2198.787390326465,2,-0.08262900023349845,220185.16421052633,2635792.5142105264
Zone_DH010,172,0.6802325581395349,0.229927185065569,0.5255333627951424,2.663,2941.18318633369,3,0.25134841541849806,220223.10790697674,2637840.341627907
Zone_DH011,173,0.7341040462427746,0.2692243828938855,0.5501612562936977,3.425,3398.3438279577294,4,0.281113112630631,220227.66497109827,2639819.119017341
Zone_DH012,148,0.6621621621621622,0.227610158626373,0.4967395836427678,3.05,3338.491876948051,4,0.2210348067444609,220283.10162162164,2641761.397567568
Zone_DH013,120,0.2583333333333333,0.0142545378125365,0.3294279742715337,1.894,1787.1026687374106,3,-0.14622256503696718,220356.48,2643869.6633333336
Zone_DH014,97,0.3298969072164948,0.0389183286927196,0.3643675474093368,1.637,2854.8178627298043,2,-0.06652848556454788,220312.51092783507,2645989.448556701
Zone_DH015,109,0.4862385321100917,0.0967308988194961,0.4274392359787616,2.75,2683.2158487199863,3,0.05460203924794427,220327.9937614679,2647916.5364220184
Zone_DH016,123,0.3739837398373983,0.0951818097843404,0.3876439276480762,1.919,1647.7651505877745,3,-0.031363063745865005,220346.4393495935,2649767.20398374
Zone_DH023,332,0.4578313253012048,0.1274777714020286,0.4151754251728236,0.831,1746.7257743805103,0,0.08690471658608345,221742.80530120482,2627772.4444578313
Zone_DH024,254,0.2165354330708661,-0.0832035643696587,0.3017919018785182,0.769,1404.313742535093,0,-0.15242973071610744,221663.0548031496,2629817.648897638
Zone_DH025,247,0.2550607287449393,-0.0551948532350961,0.3088689523630827,0.781,1479.2796196642037,0,-0.1142840695442564,221485.16421052633,2631763.5668421052
Zone_DH026,355,0.3859154929577464,0.0697536963913567,0.3993205228058099,1.863,1948.9928756204238,3,-0.017659682948480193,221628.94478873242,2633839.534225352
Zone_DH027,231,0.1645021645021645,-0.0819221699986114,0.2591411685816169,2.856,1763.1331787299991,4,-0.27048776646294526,221274.25056277058,2635771.4274025974
Zone_DH028,388,0.6572164948453608,0.2040953514120049,0.5158314498801463,3.681,2973.804186063128,5,0.19612669185247794,221639.3150515464,2637840.479484536
Zone_DH029,400,0.7975,0.2636429587051952,0.5453698194692843,6.456,3742.234516258009,6,0.24861971836824404,221661.48,2639818.83
Zone_DH030,365,0.5205479452054794,0.1063168873846329,0.4084554970267142,6.088,3107.812959162773,6,-0.016690211691463785,221656.4115068493,2641768.5560273975
Zone_DH031,391,0.6854219948849105,0.2012491193029251,0.5277194179998087,4.106,2803.094220619908,5,0.2108868032716597,221652.40071611255,2643832.2571099745
Zone_DH032,381,0.4645669291338583,0.0905647845899536,0.4074014642341492,3.494,2538.251355378274,4,0.009393097133937267,221691.79496062995,2645843.108215223
Zone_DH033,400,0.7175,0.1955021751350524,0.5196506155464389,6.156,3791.8222654823794,6,0.17811058092379795,221661.48,2647818.83
Zone_DH034,400,0.655,0.1342747357608943,0.4670600836648572,7.331,4148.557534548412,7,0.07843803591454535,221661.48,2649818.83
Zone_DH035,74,0.4324324324324324,0.1353209814100529,0.4576464861446591,2.112,2102.432804719309,3,0.02097984060509611,221772.29081081084,2651013.4245945946
Zone_DH038,318,0.2987421383647798,-0.0118227398562233,0.3285939358026696,1.106,1740.7721815208463,1,-0.08088442769293258,223736.6372327044,2621912.2262264155
Zone_DH039,336,0.1904761904761904,-0.0404291311779878,0.2944887404464272,0.863,1509.6639562148662,0,-0.18146277691152335,223657.31333333332,2623766.1514285714
Zone_DH040,275,0.1236363636363636,-0.3259344513030476,0.1483749655912762,0.644,1167.141003721747,0,-0.24137427408579587,223786.75272727272,2625724.4663636363
Zone_DH041,292,0.2157534246575342,-0.0573173414980063,0.2799757606139332,0.856,1725.142037278105,0,-0.15596408927054997,223487.84986301372,2627776.021780822
Zone_DH042,341,0.1407624633431085,-0.1698259937630463,0.2410738362139526,0.956,1540.0440990093634,1,-0.23411867143682696,223739.0459824047,2629865.0176832844
Zone_DH043,214,0.308411214953271,-0.0195599542600963,0.3379549371188391,0.994,1320.4970210038566,1,-0.06767209575036792,223774.0968224299,2631547.334672897
Zone_DH044,254,0.3818897637795275,0.0386918974921489,0.3421365934190715,1.988,1914.7253008793748,3,-0.025639938191513167,223548.48787401576,2634012.530787402
Zone_DH045,304,0.3190789473684211,0.0322028433399627,0.3510737490326115,1.694,1804.5017240996335,2,-0.07914970929817683,223714.76947368422,2635744.1589473686
Zone_DH046,322,0.2981366459627329,0.0157648067780079,0.3519926713647222,1.156,1525.193905108439,1,-0.08307173052090511,223647.8154037267,2637831.5629192544
Zone_DH047,357,0.6162464985994398,0.1737947049425439,0.4654534644981337,4.731,3297.1508915108716,5,0.1219386766621185,223661.05983193277,2639868.549887955
Zone_DH048,398,0.592964824120603,0.1502058638516713,0.4463083154158689,5.544,3127.5092031082663,6,0.0729367646577308,223663.49005025128,2641818.076231156
Zone_DH049,366,0.6557377049180327,0.2542993596767507,0.528381171609391,4.213,2658.686122711631,5,0.17781743899330105,223708.74775956286,2643808.4474863387
Zone_DH050,366,0.5109289617486339,0.1477933214835117,0.4607604536363354,3.419,2276.773532751496,4,0.05812784538760141,223685.52371584703,2645857.354590164
Zone_DH051,391,0.710997442455243,0.2154749888431712,0.5283249349076892,5.519,3569.398664930212,6,0.19176028820533353,223677.20890025576,2647832.2571099745
Zone_DH052,400,0.965,0.3249875223459087,0.6343576889891948,8.488,5620.97578573518,7,0.351834942658626,223661.48,2649818.83
Zone_DH053,128,0.734375,0.2149290141716844,0.5572360792110159,3.469,3695.4309901693546,4,0.27999207321304187,223630.23,2651142.2675
Zone_DH055,242,0.4297520661157025,0.1243939087817208,0.4481677976807677,0.625,1686.1765926477376,0,0.06534251635539479,225738.33950413225,2620156.8465289255
Zone_DH056,366,0.2377049180327868,0.0009304715712182,0.3362509513370142,1.156,2049.2918204272714,1,-0.14350345845085125,225648.09202185794,2621828.1196174864
Zone_DH057,268,0.1828358208955224,-0.0933822583460074,0.2715220992543681,0.906,1398.8435370274049,1,-0.19046350345848742,225646.92776119403,2623612.486716418
Zone_DH058,191,0.2774869109947644,-0.1150298787517621,0.2913849499777328,1.238,1381.190553535605,2,-0.10631563458739163,225770.6423036649,2626109.6676963354
Zone_DH059,263,0.1634980988593156,-0.1638413772430182,0.2215562165091432,1.919,1404.9504254138187,3,-0.2418487047239477,225748.74235741445,2627738.411749049
Zone_DH060,352,0.2727272727272727,-0.0251785747653628,0.3242009170800367,1.606,1518.831617274059,2,-0.12271739758969608,225684.77545454548,2629849.511818182
Zone_DH061,338,0.5769230769230769,0.2094910538324174,0.5044908578931384,1.613,1859.3487266530037,2,0.1812569531464785,225687.81136094677,2631762.0252662725
Zone_DH062,302,0.5463576158940397,0.219438991648864,0.5248556685072802,1.725,2134.212905995591,2,0.14714823676336797,225640.28794701988,2633717.5054966887
Zone_DH063,211,0.1943127962085308,-0.0512009186631496,0.2820503654074179,0.787,1511.8813522133144,0,-0.175221819331776,225726.17194312796,2635980.6783412322
Zone_DH064,222,0.1756756756756756,-0.0656461563581826,0.2516919602815938,1.113,1534.6225103913205,1,-0.20417234384166638,225693.91243243244,2637892.2534234235
Zone_DH065,359,0.3788300835654596,0.049967828563874,0.3932049411439809,2.744,2083.096825697791,3,-0.05261659204557678,225651.03431754877,2639832.6183008356
Zone_DH066,390,0.6512820512820513,0.1522952956259148,0.4747941486765493,4.975,3227.9585553595743,5,0.14925499446621282,225669.68512820514,2641830.3684615386
Zone_DH067,398,0.7211055276381909,0.2205008546158887,0.5275054432642458,5.081,3251.37509409218,6,0.21572503271939014,225657.4598994975,2643821.0913065327
Zone_DH068,396,0.5934343434343434,0.1718706790873259,0.4730519597216291,3.619,2916.4414254341627,5,0.13430598536960836,225661.47999999998,2645819.335050505
Zone_DH069,396,0.6212121212121212,0.1814971607765854,0.50631105233066,3.606,2805.6077873974837,5,0.1624950338581268,225652.3890909091,2647815.79969697
Zone_DH070,400,0.69,0.1880615661990812,0.5131824189589047,4.487,3360.865773635395,5,0.20341141294119575,225661.48,2649818.83
Zone_DH071,103,0.2135922330097087,0.0141967400323176,0.3230536056175163,1.981,2207.7084574130918,3,-0.19371601550170242,225560.9945631068,2651086.3057281557
Zone_DH073,334,0.1766467065868263,-0.085337742042877,0.2640405338609436,0.588,1556.6980340587659,0,-0.18659230345829642,227719.56383233535,2619935.8958682637
Zone_DH074,260,0.1384615384615384,-0.1278827282743409,0.2485017085207502,0.969,1361.998693140035,1,-0.2368308670291377,227536.48,2621796.137692308
Zone_DH075,302,0.2682119205298013,-0.0422215050771512,0.3058176307937738,1.025,1359.1912502880245,1,-0.1088521126379115,227642.6058278146,2623764.5253642383
Zone_DH076,331,0.3987915407854985,0.0671030615301285,0.3856727867985545,3.8,2463.268400264457,5,-0.06606297102108738,227603.9271299094,2625953.1200302118
Zone_DH077,393,0.6463104325699746,0.1326330318306421,0.4603699972284713,6.506,3829.4598681427387,6,0.09584834051229296,227674.07541984733,2627814.1226208652
Zone_DH078,263,0.3231939163498099,0.0128445908721437,0.337323798814621,4.344,3408.84075854267,5,-0.158870692890847,227582.20243346007,2629591.6436882126
Zone_DH079,215,0.3069767441860465,-0.0137593797789578,0.3194563604055114,3.256,1935.8450265804865,4,-0.14066767018646842,227547.29395348838,2632035.341627907
Zone_DH080,169,0.2366863905325443,-0.0562064596573765,0.3113528923290897,3.444,2180.010553468839,4,-0.21690563104145105,227505.5628402367,2633382.4394674557
Zone_DH082,72,0.1666666666666666,-0.0608497141779688,0.2763430944381487,0.956,1580.500828907119,1,-0.20821446811326885,227167.03555555557,2638277.163333333
Zone_DH083,241,0.1867219917012448,-0.0900610705667617,0.2438456046881424,1.119,1509.9505982433532,1,-0.19331584506720825,227505.25593360997,2639920.2822821573
Zone_DH084,362,0.4530386740331492,0.084036791673184,0.3870521207409504,3.206,3548.201760651128,4,0.006976070086559927,227612.3087292818,2641870.4874585634
Zone_DH085,389,0.5604113110539846,0.1426616590887235,0.4612445285858591,4.031,2525.2036529110032,5,0.08824883507962222,227654.66766066838,2643823.328714653
Zone_DH086,322,0.5496894409937888,0.1360711444200289,0.4523643374483901,2.375,2487.7786955275405,3,0.12991652632608364,227517.380621118,2645683.1157142855
Zone_DH087,265,0.2490566037735849,-0.0607639397611551,0.2666738681733311,1.331,1855.5744943170282,2,-0.13768810920079283,227513.36679245284,2647836.7545283022
Zone_DH088,236,0.2203389830508474,-0.0548188359155436,0.2965970505123874,1.087,1889.58606110901,1,-0.15868649504501323,227288.17491525423,2649787.050338983
Zone_DH090,133,0.3909774436090225,0.0586331791386184,0.3990196491732734,0.675,1674.890146840318,0,0.02498608342278913,229837.7957894737,2618389.1307518794
Zone_DH091,247,0.2712550607287449,-0.1361660998112231,0.2673642890885092,0.963,1833.5390756540514,1,-0.10384752751082016,229625.65004048584,2619732.392753036
Zone_DH092,177,0.2146892655367231,-0.1259450699956447,0.2719549552189955,0.85,1068.086988999232,0,-0.15683843114025,229596.79073446328,2621834.9316949155
Zone_DH093,322,0.3850931677018633,0.0626664051705566,0.4033849130147001,2.15,1616.201761809768,3,-0.02756160004917646,229592.53590062112,2623852.680931677
Zone_DH094,365,0.4575342465753425,0.0987820707378281,0.4103449163578003,5.963,2462.0521048621436,6,-0.07574938425678668,229587.9183561644,2625791.021780822
Zone_DH095,367,0.782016348773842,0.2313899186091193,0.5333155274781366,11.637,4274.91310344205,8,0.06922887080767104,229638.45547683924,2627835.04253406
Zone_DH096,400,0.5725,0.0851312911632086,0.4364342071779952,14.312,7456.699457798997,8,-0.22491433575319264,229661.48,2629818.83
Zone_DH097,356,0.6544943820224719,0.1716570927350778,0.4661735154044082,15.412,4585.004748629592,9,-0.17771978310108483,229744.34516853935,2631846.638988764
Zone_DH098,373,0.9088471849865952,0.2527885827647719,0.5526732497567343,16.9,5962.919506136588,9,0.029558341587491488,229722.47195710457,2633776.8728954424
Zone_DH099,333,0.5585585585585585,0.116718547258251,0.418491317572197,12.375,4494.914317936992,8,-0.17757644129427474,229808.47699699702,2635836.998168168
Zone_DH100,294,0.6360544217687075,0.1559538790710072,0.4782158620347297,6.725,4972.02828846353,6,0.0786640000454717,229873.04462585037,2637728.0136734694
Zone_DH101,208,0.2596153846153846,-0.1094169619226001,0.2703525370593296,2.788,2053.189776608353,3,-0.17322328417046634,229653.7876923077,2639919.3107692306
Zone_DH102,282,0.524822695035461,0.1824798483891032,0.4964890881222449,4.044,2664.298917713516,5,0.05224894835035798,229807.57929078015,2641916.702340426
Zone_DH103,211,0.4123222748815165,0.1071236096225997,0.3949150388968411,3.069,1739.9781892192314,4,-0.02940616849803651,229434.70274881518,2643589.209146919
Zone_DH104,112,0.1428571428571428,-0.3212449321147888,0.1920845014514785,1.4,1128.900430514865,2,-0.24607046850501235,229657.9085714286,2645293.8300000005
Zone_DH105,147,0.1292517006802721,-0.3028922739356337,0.1643014744689857,0.894,1656.039781601837,1,-0.24366798917151553,229918.28272108844,2647678.353809524
Zone_DH108,174,0.5057471264367817,0.1803087051272187,0.47013284787444,0.85,1819.8811101365568,0,0.13421942975980855,231615.50298850576,2618369.404712644
Zone_DH109,334,0.3772455089820359,0.041931194874889,0.3806036040487185,1.587,2448.7163419002063,2,-0.017598073373081113,231727.9470658683,2619775.716227545
Zone_DH110,279,0.2329749103942652,-0.0478642103907177,0.3052092328429056,2.381,1285.9523971741548,3,-0.186987821524551,231753.0570609319,2621902.5217562728
Zone_DH111,384,0.6640625,0.1349456437128493,0.4603634904356755,8.419,3733.8616102009146,7,0.053080341046403356,231695.855,2623835.23625
Zone_DH112,394,0.8477157360406091,0.2295597205613338,0.5283648448442567,13.169,6199.1562640785905,8,0.08646158662407666,231675.69319796955,2625824.413756345
Zone_DH113,400,0.9275,0.2502299851611838,0.5566919069038636,14.588,5838.606162918342,9,0.12135407069569792,231661.48,2627818.83
Zone_DH114,400,0.8925,0.3033586859196184,0.6024640334387645,16.431,6606.908274903656,9,0.02804853839607868,231661.48,2629818.83
Zone_DH115,400,0.8575,0.2259901830012509,0.5508839999157447,18.006,6095.024206056429,9,-0.05677849002057889,231661.48,2631818.83
Zone_DH116,400,0.9725,0.2219346021749437,0.5264458916204036,23.262,7346.885559787379,9,-0.10805840199388228,231661.48,2633818.83
Zone_DH117,400,0.94,0.2792597110805715,0.5603402754040249,22.613,7935.322747114284,9,-0.12002650266536752,231661.48,2635818.83
Zone_DH118,400,0.8575,0.2758332923539562,0.5795326787307202,15.213,6169.57433178544,9,0.031581440371627356,231661.48,2637818.83
Zone_DH119,358,0.7430167597765364,0.3209052052309513,0.602999834528466,7.369,4123.748804956955,7,0.16525261976737826,231701.70346368715,2639781.95849162
Zone_DH120,400,0.9,0.425717831684392,0.7023776878709971,7.463,5318.109379394347,7,0.31926205639010174,231661.48,2641818.83
Zone_DH121,358,0.5586592178770949,0.1383021236427488,0.4542473059870363,6.169,3576.878743866693,6,0.018858528090152205,231757.56938547487,2643763.2434078213
Zone_DH122,272,0.4816176470588235,0.1430657793034196,0.4717344755768997,3.688,1870.0537961892069,5,0.02030639060631101,231733.17117647058,2645787.58
Zone_DH123,354,0.4830508474576271,0.1286102454601065,0.4559948752439571,2.906,2209.9152399528302,4,0.04647910606659167,231704.13536723165,2647753.0107909604
Zone_DH124,293,0.4812286689419795,0.1159233088335205,0.3915961195989346,2.062,1998.0875921402105,3,0.07135788754056888,231769.15918088736,2649712.174709898
Zone_DH125,64,0.328125,0.0137778642987233,0.3973894563269596,0.669,1310.1970999543107,0,-0.03767654293512229,231605.23,2650992.2675
Zone_DH126,133,0.3834586466165413,0.0527092456352914,0.4045818020858386,0.844,1637.4279683715529,0,0.012120767190679282,233685.91609022557,2618455.296165413
Zone_DH127,353,0.405099150141643,0.0583760290687213,0.3880611925650454,2.862,2648.8072934421566,4,-0.030080598074577858,233682.01824362605,2619744.750679887
Zone_DH128,344,0.5930232558139535,0.1304851172162552,0.4381631042116907,6.987,3774.9870942389343,7,0.027344147458867263,233756.5381395349,2621923.1904651164
Zone_DH129,400,0.7625,0.1554392140391566,0.4702706706059308,14.85,5436.960263780372,9,-0.05193461593615256,233661.48,2623818.83
Zone_DH130,400,0.795,0.156518871281057,0.4767161976806398,20.475,5439.688633791771,9,-0.19738828885278714,233661.48,2625818.83
Zone_DH131,400,0.835,0.2452851473540633,0.5364825441201282,14.956,5266.71089303187,9,0.017211945960885044,233661.48,2627818.83
Zone_DH132,400,0.7575,0.1944872922969777,0.4952891820086858,11.35,4867.164315051929,8,0.053792113878642245,233661.48,2629818.83
Zone_DH133,360,0.575,0.115397263292923,0.4469467097086314,10.319,4030.3806447501884,8,-0.09609095513877097,233684.81333333332,2631782.996666667
Zone_DH134,387,0.8165374677002584,0.1901839764681181,0.4991562297234136,13.756,4774.728970381389,8,0.036712863883358926,233681.24744186047,2633842.9902067184
Zone_DH135,400,0.6475,0.148996902700576,0.4613540008686621,14.969,5064.794223080015,9,-0.1706993247498556,233661.48,2635818.83
Zone_DH136,396,0.553030303030303,0.1068456615749195,0.4407740360672163,11.119,4563.804685789776,8,-0.14336961892327826,233659.20727272728,2637818.0724242427
Zone_DH137,383,0.4177545691906005,0.083196747215269,0.3873094274881779,6.031,2458.2916736056754,6,-0.11768032382078741,233633.934308094,2639797.8117232374
Zone_DH138,389,0.7095115681233933,0.1872736946135267,0.51780419513519,9.387,4961.443506603026,8,0.06790555932387632,233638.9864267352,2641843.6371979434
Zone_DH139,396,0.8181818181818182,0.2188517086757621,0.5245098600068105,9.206,5065.087531119162,7,0.18230196312415214,233651.88404040402,2643818.83
Zone_DH140,392,0.6045918367346939,0.1821655931858757,0.4938333290657255,5.65,2842.4660296200327,6,0.08121033916885922,233663.01061224492,2645822.4014285714
Zone_DH141,397,0.7481108312342569,0.243622558891834,0.5599716105688511,5.381,2674.281191839996,6,0.23323947375990228,233658.83516372796,2647816.4370528967
Zone_DH142,398,0.7864321608040201,0.2403397268721563,0.547232362788312,4.981,3211.9725544025355,6,0.28421528673707064,233661.22874371862,2649818.076231156
Zone_DH143,83,0.6746987951807228,0.1878711103673846,0.5196272837366009,2.181,3069.8225017827344,3,0.2610633049656092,233731.96192771083,2651038.7095180727
Zone_DH144,150,0.58,0.190327185558025,0.4945631248371116,1.056,2039.1451711481693,1,0.20195524436821322,235694.14666666667,2618402.1633333336
Zone_DH145,375,0.408,0.0586813008749425,0.3832371576631433,4.594,2359.35609508609,5,-0.08197366137028511,235674.41333333333,2619827.23
Zone_DH146,391,0.7161125319693095,0.1973080752853488,0.519854602231172,9.244,4443.894872813024,8,0.07903050098793984,235661.35212276215,2621829.955319693
Zone_DH147,389,0.7583547557840618,0.1559445035148234,0.4793796661442029,16.719,5419.016316545575,9,-0.11520793387319128,235637.95814910025,2623838.752879177
Zone_DH148,400,0.9125,0.2258763135983442,0.5240961325701041,20.075,6338.67076183816,9,-0.06723380544538193,235661.48,2625818.83
Zone_DH149,400,0.785,0.1826050184437922,0.4902609267395968,19.413,5646.749037302773,9,-0.1737906354061265,235661.48,2627818.83
Zone_DH150,400,0.71,0.1532225059888461,0.4802981947600219,17.969,5974.888620018341,9,-0.20310795030539408,235661.48,2629818.83
Zone_DH151,399,0.8320802005012531,0.2327571997963864,0.5273734452282852,15.012,5767.952548024561,9,0.01252051878510152,235659.09904761906,2631820.459072682
Zone_DH152,400,0.87,0.3460847929148409,0.6145090665345273,12.575,5796.931180262519,8,0.12753775844346416,235661.48,2633818.83
Zone_DH153,400,0.4975,0.0824271899481434,0.414225330069371,8.963,3951.0477382631707,7,-0.13069225638766752,235661.48,2635818.83
Zone_DH154,276,0.3840579710144927,0.053490628269973,0.3852510733053901,6.231,2481.931033601016,6,-0.1577041637005978,235733.58144927537,2637550.3517391304
Zone_DH155,240,0.4125,0.0414013634416843,0.3544863170471495,4.888,3058.767360639484,5,-0.08677470667472786,235847.73,2640124.246666667
Zone_DH156,397,0.9168765743073048,0.3556998720159851,0.6547436667742484,10.15,5797.454261119685,8,0.2511321384081626,235668.40695214106,2641825.756952141
Zone_DH157,397,0.8236775818639799,0.2448569402134449,0.5513492129771702,9.188,4654.162004302377,7,0.1883671785596469,235668.65884130984,2643819.207833753
Zone_DH158,386,0.6217616580310881,0.1917801668035949,0.5262272952399532,5.338,2958.0121404001816,6,0.10825065752302943,235639.2002072539,2645807.171968912
Zone_DH159,347,0.547550432276657,0.1334515903169518,0.4281209506666521,4.562,3059.8067154243713,5,0.05858912957896434,235601.10536023055,2647751.5389337176
Zone_DH160,362,0.6215469613259669,0.1727803275165335,0.4836926566876404,3.444,2740.56457747601,4,0.1679549397519715,235620.04353591162,2649799.7692265194
Zone_DH161,72,0.375,0.0387185855478902,0.3812513280767141,1.456,1588.5615984662936,2,-0.015699239039191848,235533.70222222226,2651024.3855555556
Zone_DH162,126,0.3571428571428571,0.0276110564826848,0.4164738783274124,1.206,1888.0338203460776,2,-0.025647329766706584,237873.38476190477,2618347.4014285714
Zone_DH163,398,0.4246231155778894,0.0684801903714306,0.3839100948890416,4.375,4207.710903810638,5,-0.05842221612684134,237656.9573869347,2619814.0561306532
Zone_DH164,359,0.6044568245125348,0.1296327637597149,0.4444530522530657,11.05,4125.263386484008,8,-0.08976019905326904,237628.19309192203,2621854.9024233986
Zone_DH165,398,0.8442211055276382,0.2070664294943944,0.521001899918303,15.4,6115.18805288726,9,0.012386574906303571,237666.25386934675,2623823.3526130654
Zone_DH166,400,0.84,0.222464560933115,0.5257192420947824,13.569,5028.619254126015,8,0.06609136717606234,237661.48,2625818.83
Zone_DH167,400,0.8875,0.2095317889266064,0.5216571193684834,16.525,5913.9099203403,9,0.0200747347953385,237661.48,2627818.83
Zone_DH168,400,0.6725,0.1281530548278429,0.4531875286657727,17.606,5840.7524308999455,9,-0.2291240066131739,237661.48,2629818.83
Zone_DH169,400,0.7875,0.2177007775620678,0.5244988081960333,14.425,5296.974584211476,8,-0.013489227315784613,237661.48,2631818.83
Zone_DH170,400,0.9175,0.2627836260832986,0.5803991189310812,13.569,5937.051467967955,8,0.14359136717606236,237661.48,2633818.83
Zone_DH171,400,0.82,0.227813855414999,0.5301464008485235,11.319,5495.502589818481,8,0.11727283634271612,237661.48,2635818.83
Zone_DH172,399,0.5764411027568922,0.1190887152993475,0.4546340980489671,7.725,5086.122916846946,7,-0.012585527484856418,237663.860952381,2637819.957819549
Zone_DH173,399,0.4486215538847117,0.0887882117189242,0.4130689272462319,5.344,3000.1604330064174,6,-0.06507926387445806,237659.09904761906,2639816.950300752
Zone_DH174,400,0.7725,0.1991657890528315,0.5097906977435436,7.006,3601.2583986788613,7,0.20621980368306203,237661.48,2641818.83
Zone_DH175,397,0.6020151133501259,0.1676447116999901,0.4749497146738818,6.831,2739.378051562377,7,0.04127125352392769,237661.10216624686,2643816.4370528967
Zone_DH176,313,0.3450479233226837,0.0022091979258698,0.3555512521459509,2.837,2027.7087816988753,4,-0.0893409196805744,237571.8633865815,2645684.8044408946
Zone_DH177,275,0.3054545454545455,-0.0297020881213777,0.3309964780093503,1.262,1428.9840312700492,2,-0.0791072691320549,237567.84363636363,2647944.4663636363
Zone_DH178,365,0.5041095890410959,0.1924766865076642,0.4784698100627531,1.069,1547.0750134644413,1,0.12565356269856853,237635.31561643837,2649824.994383562
Zone_DH180,108,0.4166666666666667,0.0545317815717503,0.3976833494944141,0.875,1454.5017220361406,1,0.044348064776730756,239429.0725925926,2618230.867037037
Zone_DH181,356,0.3398876404494382,0.0346191953721885,0.3598920055658318,4.931,2226.439285692844,5,-0.16074742319158575,239657.82831460677,2619857.8749438203
Zone_DH182,397,0.7984886649874056,0.2606996027860292,0.5390268540373603,13.175,5947.76969947116,8,0.03704469831976198,239668.40695214106,2621825.756952141
Zone_DH183,399,0.8195488721804511,0.2106506100478548,0.5269553343963955,13.338,5946.735694052491,8,0.05294820352429008,239662.35719298248,2623816.449047619
Zone_DH184,371,0.660377358490566,0.1843699897967416,0.5032857544168878,7.8,3551.584949232105,7,0.06897801260992886,239654.06760107816,2625831.0941509437
Zone_DH185,396,0.6590909090909091,0.1611026339039561,0.4752794056269596,8.488,3504.0714566070137,7,0.04592585174953512,239661.98505050506,2627824.8906060606
Zone_DH186,399,0.5238095238095238,0.092779644080185,0.4289384215195881,8.812,5496.023498728833,7,-0.09960566509184832,239661.35468671683,2629819.957819549
Zone_DH187,248,0.4516129032258064,0.0743206590900454,0.3847204002926847,6.812,3474.7956743743425,7,-0.10852986863854008,239592.52838709677,2631535.3622580646
Zone_DH188,353,0.5892351274787535,0.1444646291766672,0.4699125728897081,8.506,3474.9965079650547,7,-0.024499381615953775,239624.79444759205,2633869.963144476
Zone_DH189,400,0.52,0.0795266153306537,0.4075716852482635,10.494,6045.869352948664,8,-0.1566272916295106,239661.48,2635818.83
Zone_DH190,379,0.4248021108179419,0.0188404354997354,0.3483631645098275,7.375,5133.400560201686,7,-0.15315184644232732,239696.4404221636,2637775.954010554
Zone_DH191,237,0.2742616033755274,-0.0214074458867178,0.3123441531558824,2.869,1462.3843218900329,4,-0.1611395983003231,239600.93147679328,2639761.235063291
Zone_DH192,349,0.3896848137535816,0.1103648087873259,0.438295058502945,2.925,1731.7554750911502,4,-0.047488015599305544,239592.8553581662,2641823.2712607454
Zone_DH193,311,0.4598070739549839,0.0976909276445837,0.3966265318107227,2.913,2078.69902700043,4,0.023013879104318846,239583.50572347268,2643691.016495177
Zone_DH194,172,0.3255813953488372,-0.0297377734299421,0.3295425774201178,1.006,1340.2538200512863,1,-0.05088154985702392,239532.41023255815,2646146.736976744
Zone_DH195,282,0.2482269503546099,-0.0669669312862627,0.3039674706759243,0.731,1341.557033633067,0,-0.11953603750866015,239651.55092198582,2647923.0853191493
Zone_DH196,361,0.260387811634349,-0.02759323378264,0.3081871075036123,0.844,1651.8333234941388,0,-0.11095006779151301,239618.95922437674,2649795.145789474
Zone_DH198,150,0.3533333333333333,0.0633063556798229,0.3827948374712743,1.044,2097.036887241526,1,-0.024331787796231297,241852.81333333332,2618378.1633333336
Zone_DH199,395,0.6658227848101266,0.1872997629689756,0.4887050252528545,5.481,3850.0095140152794,6,0.14778780648392065,241668.69518987343,2619830.348987342
Zone_DH200,400,0.87,0.2431489799155149,0.5607396942770846,8.544,4027.0763029128852,7,0.2550633149815893,241661.48,2621818.83
Zone_DH201,400,0.9175,0.2800746775059613,0.5911388966782672,7.775,4207.3230513103435,7,0.3268915593323256,241661.48,2623818.83
Zone_DH202,316,0.4367088607594936,0.0947394149929198,0.4291004962221773,4.256,2533.224879829802,5,-0.04257176213153413,241609.5812658228,2625701.1084810128
Zone_DH203,315,0.4253968253968254,0.0819569601223302,0.3948835671486122,2.875,1802.0408195534073,4,-0.010194193530136175,241577.51174603176,2627894.226825397
Zone_DH204,321,0.4610591900311526,0.1288859412268945,0.4669201190666047,3.188,1958.262025255054,4,0.015566037837896562,241560.0781308411,2629817.4281308413
Zone_DH205,236,0.5042372881355932,0.1374856629849814,0.4147913765170422,2.631,2457.9387085642547,3,0.07636550408714882,241519.53084745764,2631786.6266101697
Zone_DH206,353,0.5495750708215298,0.1496547570814255,0.4495950105220916,3.969,2881.259439393584,5,0.07937403977531521,241574.65280453258,2633873.0792917847
Zone_DH207,396,0.1792929292929292,-0.0375257505269162,0.3058486732044162,6.237,5389.936651999706,6,-0.36265902267327244,241653.3991919192,2635810.2441414143
Zone_DH208,376,0.3484042553191489,-0.0079129578109131,0.3533845474899883,5.138,4238.260201930407,6,-0.15877950348520714,241657.22468085107,2637775.47893617
Zone_DH209,140,0.2857142857142857,0.018049702523406,0.326001222914517,3.35,1798.9312232901168,4,-0.16490393225896943,241565.05142857146,2639650.2585714287
Zone_DH210,211,0.1990521327014218,-0.2353796947267241,0.2328444487913641,1.794,1277.2002833502772,2,-0.2023401448170274,241504.37099526066,2641700.109620853
Zone_DH211,237,0.0970464135021097,-0.1347138410101563,0.2216974931392822,0.881,1427.2046636372957,1,-0.2754620056389373,241745.23527426162,2643679.800464135
Zone_DH213,249,0.144578313253012,-0.185506893280579,0.2360895003511466,0.756,1328.378707197588,0,-0.2239755798232209,241649.23100401607,2647889.311927711
Zone_DH214,238,0.3277310924369748,-0.0286781720321991,0.3516051686263288,0.581,1146.259751414,0,-0.035286464148518326,241659.7993277311,2649591.51907563
Zone_DH217,86,0.5581395348837209,0.2198778354319425,0.4658744469875251,1.569,2484.980097639283,2,0.16386540428193713,242880.08465116282,2619809.5276744184
Zone_DH218,95,0.8842105263157894,0.3047719724519535,0.6186143411674659,2.656,3076.96000070893,3,0.4555478370543822,242902.00631578948,2621814.0931578944
Zone_DH219,100,0.89,0.3350837288236826,0.6597920917704765,2.731,2843.2325670268383,3,0.45896459509970433,242911.48,2623818.83
Zone_DH220,72,0.6666666666666666,0.2801226974189604,0.5844716133497451,1.3,1642.0798004687304,2,0.2809026761563628,242905.92444444448,2625718.83
Zone_DH224,62,0.6290322580645161,0.1713772116594711,0.485647367304497,0.806,2471.9233989184468,0,0.2588965545623576,242982.44774193547,2634360.765483871
Zone_DH225,88,0.375,0.0554642389827554,0.4431008494085542,1.769,3413.5160995261704,2,-0.02560137230548637,243011.48,2635912.011818182
Zone_DH226,95,0.4421052631578947,0.0501723038628518,0.3685314363446365,1.55,2151.356452554867,2,0.04843222051796264,242982.00631578948,2638080.408947368
Zone_DH227,166,0.8373493975903614,0.4420964782265972,0.6785401269388882,2.188,3451.9066163925736,3,0.4234924539156182,243078.34746987952,2639839.311927711
Zone_DH228,125,0.432,0.0884816223780251,0.4186374048260486,1.256,2182.5103070407445,2,0.04762800266451067,243066.68,2641750.43
