zone_id,cluster_id,cluster_label,confidence_score
Zone_DH004,0,Cluster_0,0.2492
Zone_DH005,1,Cluster_1,0.6736
Zone_DH006,0,Cluster_0,0.5039
Zone_DH007,1,Cluster_1,0.7731
Zone_DH008,1,Cluster_1,0.6591
Zone_DH009,1,Cluster_1,0.7097
Zone_DH010,1,Cluster_1,0.8402
Zone_DH011,1,Cluster_1,0.8143
Zone_DH012,1,Cluster_1,0.8189
Zone_DH013,1,Cluster_1,0.757
Zone_DH014,1,Cluster_1,0.7359
Zone_DH015,1,Cluster_1,0.6432
Zone_DH016,1,Cluster_1,0.6518
Zone_DH017,0,Cluster_0,0.4992
Zone_DH019,0,Cluster_0,0.5407
Zone_DH020,0,Cluster_0,0.6063
Zone_DH021,0,Cluster_0,0.7157
Zone_DH022,1,Cluster_1,0.8305
Zone_DH023,1,Cluster_1,0.7062
Zone_DH024,1,Cluster_1,0.7507
Zone_DH025,1,Cluster_1,0.8245
Zone_DH026,1,Cluster_1,0.6849
Zone_DH027,1,Cluster_1,0.7232
Zone_DH028,1,Cluster_1,0.902
Zone_DH029,1,Cluster_1,0.7479
Zone_DH030,1,Cluster_1,0.6954
Zone_DH031,1,Cluster_1,0.7907
Zone_DH032,1,Cluster_1,0.8639
Zone_DH033,1,Cluster_1,0.7675
Zone_DH034,1,Cluster_1,0.7016
Zone_DH035,1,Cluster_1,0.6541
Zone_DH037,1,Cluster_1,0.7609
Zone_DH038,1,Cluster_1,0.7375
Zone_DH039,1,Cluster_1,0.7798
Zone_DH040,1,Cluster_1,0.7697
Zone_DH041,1,Cluster_1,0.6526
Zone_DH042,1,Cluster_1,0.7988
Zone_DH043,1,Cluster_1,0.707
Zone_DH044,1,Cluster_1,0.6726
Zone_DH045,1,Cluster_1,0.76
Zone_DH046,1,Cluster_1,0.8049
Zone_DH047,1,Cluster_1,0.7183
Zone_DH048,1,Cluster_1,0.702
Zone_DH049,1,Cluster_1,0.814
Zone_DH050,1,Cluster_1,0.8467
Zone_DH051,1,Cluster_1,0.7559
Zone_DH052,1,Cluster_1,0.6735
Zone_DH053,1,Cluster_1,0.7804
Zone_DH055,1,Cluster_1,0.6884
Zone_DH056,1,Cluster_1,0.7177
Zone_DH057,1,Cluster_1,0.7429
Zone_DH058,1,Cluster_1,0.7871
Zone_DH059,1,Cluster_1,0.8123
Zone_DH060,1,Cluster_1,0.7747
Zone_DH061,1,Cluster_1,0.7806
Zone_DH062,1,Cluster_1,0.8382
Zone_DH063,1,Cluster_1,0.6889
Zone_DH064,1,Cluster_1,0.7491
Zone_DH065,1,Cluster_1,0.7228
Zone_DH066,1,Cluster_1,0.7528
Zone_DH067,1,Cluster_1,0.7523
Zone_DH068,1,Cluster_1,0.7709
Zone_DH069,1,Cluster_1,0.7523
Zone_DH070,1,Cluster_1,0.6561
Zone_DH071,1,Cluster_1,0.6956
Zone_DH072,0,Cluster_0,0.0
Zone_DH073,1,Cluster_1,0.5536
Zone_DH074,1,Cluster_1,0.6884
Zone_DH075,1,Cluster_1,0.7476
Zone_DH076,1,Cluster_1,0.8088
Zone_DH077,1,Cluster_1,0.7733
Zone_DH078,1,Cluster_1,0.567
Zone_DH079,1,Cluster_1,0.6426
Zone_DH080,1,Cluster_1,0.8114
Zone_DH081,1,Cluster_1,0.6102
Zone_DH082,1,Cluster_1,0.4535
Zone_DH083,1,Cluster_1,0.5776
Zone_DH084,1,Cluster_1,0.7556
Zone_DH085,1,Cluster_1,0.7682
Zone_DH086,1,Cluster_1,0.824
Zone_DH087,1,Cluster_1,0.8054
Zone_DH088,1,Cluster_1,0.613
Zone_DH089,1,Cluster_1,0.5547
Zone_DH090,1,Cluster_1,0.7108
Zone_DH091,1,Cluster_1,0.6972
Zone_DH092,1,Cluster_1,0.7095
Zone_DH093,1,Cluster_1,0.6788
Zone_DH094,1,Cluster_1,0.5569
Zone_DH095,0,Cluster_0,0.5382
Zone_DH096,0,Cluster_0,0.7113
Zone_DH097,0,Cluster_0,0.7054
Zone_DH098,0,Cluster_0,0.8251
Zone_DH099,0,Cluster_0,0.713
Zone_DH100,1,Cluster_1,0.8461
Zone_DH101,1,Cluster_1,0.7507
Zone_DH102,1,Cluster_1,0.7777
Zone_DH103,1,Cluster_1,0.55
Zone_DH104,1,Cluster_1,0.6205
Zone_DH105,1,Cluster_1,0.755
Zone_DH106,0,Cluster_0,0.3616
Zone_DH107,0,Cluster_0,0.4665
Zone_DH108,1,Cluster_1,0.7469
Zone_DH109,1,Cluster_1,0.7629
Zone_DH110,1,Cluster_1,0.8302
Zone_DH111,1,Cluster_1,0.5583
Zone_DH112,0,Cluster_0,0.7016
Zone_DH113,0,Cluster_0,0.7709
Zone_DH114,0,Cluster_0,0.783
Zone_DH115,0,Cluster_0,0.7975
Zone_DH116,0,Cluster_0,0.8471
Zone_DH117,0,Cluster_0,0.7835
Zone_DH118,0,Cluster_0,0.7705
Zone_DH119,1,Cluster_1,0.8218
Zone_DH120,1,Cluster_1,0.7523
Zone_DH121,1,Cluster_1,0.8029
Zone_DH122,1,Cluster_1,0.7045
Zone_DH123,1,Cluster_1,0.7719
Zone_DH124,1,Cluster_1,0.7965
Zone_DH125,1,Cluster_1,0.7172
Zone_DH126,1,Cluster_1,0.8783
Zone_DH127,1,Cluster_1,0.7153
Zone_DH128,1,Cluster_1,0.786
Zone_DH129,0,Cluster_0,0.6804
Zone_DH130,0,Cluster_0,0.8674
Zone_DH131,0,Cluster_0,0.672
Zone_DH132,0,Cluster_0,0.6312
Zone_DH133,0,Cluster_0,0.7459
Zone_DH134,0,Cluster_0,0.7624
Zone_DH135,0,Cluster_0,0.783
Zone_DH136,1,Cluster_1,0.7373
Zone_DH137,1,Cluster_1,0.8035
Zone_DH138,1,Cluster_1,0.744
Zone_DH139,1,Cluster_1,0.7502
Zone_DH140,1,Cluster_1,0.8739
Zone_DH141,1,Cluster_1,0.6185
Zone_DH142,1,Cluster_1,0.5261
Zone_DH143,1,Cluster_1,0.6673
Zone_DH144,1,Cluster_1,0.7244
Zone_DH145,1,Cluster_1,0.7266
Zone_DH146,1,Cluster_1,0.7687
Zone_DH147,0,Cluster_0,0.6878
Zone_DH148,0,Cluster_0,0.5925
Zone_DH149,0,Cluster_0,0.7454
Zone_DH150,0,Cluster_0,0.6868
Zone_DH151,0,Cluster_0,0.7663
Zone_DH152,0,Cluster_0,0.6967
Zone_DH153,1,Cluster_1,0.6805
Zone_DH154,1,Cluster_1,0.6825
Zone_DH155,1,Cluster_1,0.8542
Zone_DH156,1,Cluster_1,0.7544
Zone_DH157,1,Cluster_1,0.7692
Zone_DH158,1,Cluster_1,0.8086
Zone_DH159,1,Cluster_1,0.7294
Zone_DH160,1,Cluster_1,0.8492
Zone_DH161,1,Cluster_1,0.6773
Zone_DH162,1,Cluster_1,0.5402
Zone_DH163,1,Cluster_1,0.8171
Zone_DH164,1,Cluster_1,0.7332
Zone_DH165,0,Cluster_0,0.6796
Zone_DH166,0,Cluster_0,0.7862
Zone_DH167,0,Cluster_0,0.8601
Zone_DH168,0,Cluster_0,0.867
Zone_DH169,0,Cluster_0,0.8455
Zone_DH170,0,Cluster_0,0.7775
Zone_DH171,0,Cluster_0,0.7495
Zone_DH172,1,Cluster_1,0.6643
Zone_DH173,1,Cluster_1,0.8134
Zone_DH174,1,Cluster_1,0.7887
Zone_DH175,1,Cluster_1,0.67
Zone_DH176,1,Cluster_1,0.7156
Zone_DH177,1,Cluster_1,0.5332
Zone_DH178,1,Cluster_1,0.7012
Zone_DH179,1,Cluster_1,0.6932
Zone_DH180,1,Cluster_1,0.7693
Zone_DH181,1,Cluster_1,0.6625
Zone_DH182,0,Cluster_0,0.7649
Zone_DH183,0,Cluster_0,0.7888
Zone_DH184,1,Cluster_1,0.7633
Zone_DH185,1,Cluster_1,0.7661
Zone_DH186,1,Cluster_1,0.7737
Zone_DH187,1,Cluster_1,0.6172
Zone_DH188,1,Cluster_1,0.7187
Zone_DH189,0,Cluster_0,0.484
Zone_DH190,1,Cluster_1,0.5987
Zone_DH191,1,Cluster_1,0.7635
Zone_DH192,1,Cluster_1,0.8229
Zone_DH193,1,Cluster_1,0.8247
Zone_DH194,0,Cluster_0,0.4237
Zone_DH195,1,Cluster_1,0.6086
Zone_DH196,1,Cluster_1,0.7022
Zone_DH197,0,Cluster_0,0.464
Zone_DH198,1,Cluster_1,0.8025
Zone_DH199,1,Cluster_1,0.8252
Zone_DH200,1,Cluster_1,0.8198
Zone_DH201,1,Cluster_1,0.8271
Zone_DH202,1,Cluster_1,0.7923
Zone_DH203,1,Cluster_1,0.7603
Zone_DH204,1,Cluster_1,0.5471
Zone_DH205,1,Cluster_1,0.6466
Zone_DH206,1,Cluster_1,0.7503
Zone_DH207,1,Cluster_1,0.5319
Zone_DH208,1,Cluster_1,0.7865
Zone_DH209,1,Cluster_1,0.5762
Zone_DH210,1,Cluster_1,0.6546
Zone_DH211,1,Cluster_1,0.6159
Zone_DH212,0,Cluster_0,0.6599
Zone_DH213,1,Cluster_1,0.6879
Zone_DH214,1,Cluster_1,0.7102
Zone_DH216,1,Cluster_1,0.7712
Zone_DH217,1,Cluster_1,0.7867
Zone_DH218,1,Cluster_1,0.7631
Zone_DH219,1,Cluster_1,0.8319
Zone_DH220,1,Cluster_1,0.7457
Zone_DH221,0,Cluster_0,0.5513
Zone_DH222,0,Cluster_0,0.5538
Zone_DH224,1,Cluster_1,0.5287
Zone_DH225,1,Cluster_1,0.4392
Zone_DH226,1,Cluster_1,0.6977
Zone_DH227,1,Cluster_1,0.6357
Zone_DH228,1,Cluster_1,0.5929
Zone_DH229,0,Cluster_0,0.7407
Zone_DH230,0,Cluster_0,0.7047
Zone_DH231,0,Cluster_0,0.2856
Zone_DH232,0,Cluster_0,0.7405
